Workbook

Sheet Portfolio
A1: Customer_ID | B1: Segment | C1: Industry | D1: EAD | E1: PD | F1: LGD | G1: Maturity_Years
A2: C001 | B2: Retail | C2: Trade | D2: 247000000 | E2: 0.0122 | F2: 0.47 | G2: 3
A3: C002 | B3: Retail | C3: Manufacturing | D3: 109000000 | E3: 0.0197 | F3: 0.45 | G3: 5
A4: C003 | B4: Retail | C4: FMCG | D4: 123000000 | E4: 0.0304 | F4: 0.55 | G4: 4
A5: C004 | B5: Retail | C5: Manufacturing | D5: 416000000 | E5: 0.0321 | F5: 0.41 | G5: 4
A6: C005 | B6: Retail | C6: Construction | D6: 94000000 | E6: 0.0186 | F6: 0.39 | G6: 4
A7: C006 | B7: Retail | C7: FMCG | D7: 262000000 | E7: 0.0341 | F7: 0.47 | G7: 3
A8: C007 | B8: Retail | C8: Services | D8: 356000000 | E8: 0.0352 | F8: 0.49 | G8: 1
A9: C008 | B9: Retail | C9: Manufacturing | D9: 248000000 | E9: 0.039 | F9: 0.54 | G9: 1
A10: C009 | B10: Retail | C10: FMCG | D10: 380000000 | E10: 0.029 | F10: 0.45 | G10: 3
A11: C010 | B11: Retail | C11: Trade | D11: 280000000 | E11: 0.025 | F11: 0.37 | G11: 4
A12: C011 | B12: Retail | C12: Manufacturing | D12: 135000000 | E12: 0.0329 | F12: 0.52 | G12: 3
A13: C012 | B13: Retail | C13: Construction | D13: 421000000 | E13: 0.032 | F13: 0.54 | G13: 1
... A51: C050 | B51: Corporate | C51: FMCG | D51: 45000000000 | E51: 0.0208 | F51: 0.34 | G51: 4

Sheet Inputs
A1: Segment | B1: Risk_Weight
A2: Retail | B2: 0.75
A3: SME | B3: 1
A4: Corporate | B4: 1

Sheet Calculations
A1: Customer_ID | B1: Segment | C1: Industry | D1: EAD | E1: PD | F1: LGD | G1: Maturity_Years | H1: Risk_Weight | I1: Expected_Loss | J1: RWA
A2: C001 | B2: Retail | C2: Trade | D2: 247000000 | E2: 0.0122 | F2: 0.47 | G2: 3 | H2: =_xlfn.XLOOKUP(B2,Inputs!A:A,Inputs!B:B) -> 0.75 | I2: =D2*E2*F2 -> 1416298 | J2: =D2*H2 -> 185250000 | L2: Capital | M2: =J53*0.1 -> 18396875000
A3: C002 | B3: Retail | C3: Manufacturing | D3: 109000000 | E3: 0.0197 | F3: 0.45 | G3: 5 | H3: =_xlfn.XLOOKUP(B3,Inputs!A:A,Inputs!B:B) -> 0.75 | I3: =D3*E3*F3 -> 966285 | J3: =D3*H3 -> 81750000 | L3: CAR | M3: =M2/J53 -> 0.1
A4: C003 | B4: Retail | C4: FMCG | D4: 123000000 | E4: 0.0304 | F4: 0.55 | G4: 4 | H4: =_xlfn.XLOOKUP(B4,Inputs!A:A,Inputs!B:B) -> 0.75 | I4: =D4*E4*F4 -> 2056560 | J4: =D4*H4 -> 92250000
A5: C004 | B5: Retail | C5: Manufacturing | D5: 416000000 | E5: 0.0321 | F5: 0.41 | G5: 4 | H5: =_xlfn.XLOOKUP(B5,Inputs!A:A,Inputs!B:B) -> 0.75 | I5: =D5*E5*F5 -> 5474976 | J5: =D5*H5 -> 312000000
A6: C005 | B6: Retail | C6: Construction | D6: 94000000 | E6: 0.0186 | F6: 0.39 | G6: 4 | H6: =_xlfn.XLOOKUP(B6,Inputs!A:A,Inputs!B:B) -> 0.75 | I6: =D6*E6*F6 -> 681876 | J6: =D6*H6 -> 70500000
A7: C006 | B7: Retail | C7: FMCG | D7: 262000000 | E7: 0.0341 | F7: 0.47 | G7: 3 | H7: =_xlfn.XLOOKUP(B7,Inputs!A:A,Inputs!B:B) -> 0.75 | I7: =D7*E7*F7 -> 4199074 | J7: =D7*H7 -> 196500000
A8: C007 | B8: Retail | C8: Services | D8: 356000000 | E8: 0.0352 | F8: 0.49 | G8: 1 | H8: =_xlfn.XLOOKUP(B8,Inputs!A:A,Inputs!B:B) -> 0.75 | I8: =D8*E8*F8 -> 6140288 | J8: =D8*H8 -> 267000000
A9: C008 | B9: Retail | C9: Manufacturing | D9: 248000000 | E9: 0.039 | F9: 0.54 | G9: 1 | H9: =_xlfn.XLOOKUP(B9,Inputs!A:A,Inputs!B:B) -> 0.75 | I9: =D9*E9*F9 -> 5222880 | J9: =D9*H9 -> 186000000
A10: C009 | B10: Retail | C10: FMCG | D10: 380000000 | E10: 0.029 | F10: 0.45 | G10: 3 | H10: =_xlfn.XLOOKUP(B10,Inputs!A:A,Inputs!B:B) -> 0.75 | I10: =D10*E10*F10 -> 4959000 | J10: =D10*H10 -> 285000000
A11: C010 | B11: Retail | C11: Trade | D11: 280000000 | E11: 0.025 | F11: 0.37 | G11: 4 | H11: =_xlfn.XLOOKUP(B11,Inputs!A:A,Inputs!B:B) -> 0.75 | I11: =D11*E11*F11 -> 2590000 | J11: =D11*H11 -> 210000000
A12: C011 | B12: Retail | C12: Manufacturing | D12: 135000000 | E12: 0.0329 | F12: 0.52 | G12: 3 | H12: =_xlfn.XLOOKUP(B12,Inputs!A:A,Inputs!B:B) -> 0.75 | I12: =D12*E12*F12 -> 2309580 | J12: =D12*H12 -> 101250000
A13: C012 | B13: Retail | C13: Construction | D13: 421000000 | E13: 0.032 | F13: 0.54 | G13: 1 | H13: =_xlfn.XLOOKUP(B13,Inputs!A:A,Inputs!B:B) -> 0.75 | I13: =D13*E13*F13 -> 7274880 | J13: =D13*H13 -> 315750000
A14: C013 | B14: Retail | C14: Manufacturing | D14: 298000000 | E14: 0.013 | F14: 0.36 | G14: 4 | H14: =_xlfn.XLOOKUP(B14,Inputs!A:A,Inputs!B:B) -> 0.75 | I14: =D14*E14*F14 -> 1394640 | J14: =D14*H14 -> 223500000
A15: C014 | B15: Retail | C15: Trade | D15: 411000000 | E15: 0.0278 | F15: 0.49 | G15: 2 | H15: =_xlfn.XLOOKUP(B15,Inputs!A:A,Inputs!B:B) -> 0.75 | I15: =D15*E15*F15 -> 5598642 | J15: =D15*H15 -> 308250000
... A51: C050 | B51: Corporate | C51: FMCG | D51: 45000000000 | E51: 0.0208 | F51: 0.34 | G51: 4 | H51: =_xlfn.XLOOKUP(B51,Inputs!A:A,Inputs!B:B) -> 1 | I51: =D51*E51*F51 -> 318240000 | J51: =D51*H51 -> 45000000000
C53: TOTAL | D53: =SUM(D2:D51) -> 186041000000 | I53: =SUM(I2:I51) -> 2170604384 | J53: =SUM(J2:J51) -> 183968750000

Sheet Stress_Test
A1: Scenario | B1: PD_Multiplier | C1: LGD_Add
A2: Base | B2: 1 | C2: 0
A3: Moderate | B3: 1.5 | C3: 0.05
A4: Severe | B4: 2 | C4: 0.1
A6: Customer_ID | B6: EAD | C6: PD | D6: LGD | E6: PD_Stress | F6: LGD_Stress | G6: EL_Stress
A7: C001 | B7: 247000000 | C7: 0.0122 | D7: 0.47 | E7: =C7*$B$3 -> 0.0183 | F7: =MIN(D7+$C$3,1) -> 0.52 | G7: =B7*E7*F7 -> 2350452
A8: C002 | B8: 109000000 | C8: 0.0197 | D8: 0.45 | E8: =C8*$B$3 -> 0.02955 | F8: =MIN(D8+$C$3,1) -> 0.5 | G8: =B8*E8*F8 -> 1610475
A9: C003 | B9: 123000000 | C9: 0.0304 | D9: 0.55 | E9: =C9*$B$3 -> 0.0456 | F9: =MIN(D9+$C$3,1) -> 0.6 | G9: =B9*E9*F9 -> 3365280
A10: C004 | B10: 416000000 | C10: 0.0321 | D10: 0.41 | E10: =C10*$B$3 -> 0.04815 | F10: =MIN(D10+$C$3,1) -> 0.46 | G10: =B10*E10*F10 -> 9213984
A11: C005 | B11: 94000000 | C11: 0.0186 | D11: 0.39 | E11: =C11*$B$3 -> 0.0279 | F11: =MIN(D11+$C$3,1) -> 0.44 | G11: =B11*E11*F11 -> 1153944
A12: C006 | B12: 262000000 | C12: 0.0341 | D12: 0.47 | E12: =C12*$B$3 -> 0.05115 | F12: =MIN(D12+$C$3,1) -> 0.52 | G12: =B12*E12*F12 -> 6968676
A13: C007 | B13: 356000000 | C13: 0.0352 | D13: 0.49 | E13: =C13*$B$3 -> 0.0528 | F13: =MIN(D13+$C$3,1) -> 0.54 | G13: =B13*E13*F13 -> 10150272
A14: C008 | B14: 248000000 | C14: 0.039 | D14: 0.54 | E14: =C14*$B$3 -> 0.0585 | F14: =MIN(D14+$C$3,1) -> 0.59 | G14: =B14*E14*F14 -> 8559720
A15: C009 | B15: 380000000 | C15: 0.029 | D15: 0.45 | E15: =C15*$B$3 -> 0.0435 | F15: =MIN(D15+$C$3,1) -> 0.5 | G15: =B15*E15*F15 -> 8265000
A16: C010 | B16: 280000000 | C16: 0.025 | D16: 0.37 | E16: =C16*$B$3 -> 0.0375 | F16: =MIN(D16+$C$3,1) -> 0.42 | G16: =B16*E16*F16 -> 4410000
A17: C011 | B17: 135000000 | C17: 0.0329 | D17: 0.52 | E17: =C17*$B$3 -> 0.04935 | F17: =MIN(D17+$C$3,1) -> 0.57 | G17: =B17*E17*F17 -> 3797482.5
A18: C012 | B18: 421000000 | C18: 0.032 | D18: 0.54 | E18: =C18*$B$3 -> 0.048 | F18: =MIN(D18+$C$3,1) -> 0.59 | G18: =B18*E18*F18 -> 11922720
... A56: C050 | B56: 45000000000 | C56: 0.0208 | D56: 0.34 | E56: =C56*$B$3 -> 0.0312 | F56: =MIN(D56+$C$3,1) -> 0.39 | G56: =B56*E56*F56 -> 547560000
F57: Total_EL_Stress | G57: =SUM(G7:G56) -> 3630503706
F59: Capital_base | G59: =Calculations!M2 -> 18396875000
F60: Total_EL_base | G60: =Calculations!I53 -> 2170604384
F61: Total_RWA | G61: =Calculations!J53 -> 183968750000
F63: Capital_Stress | G63: =G59-(G57-G60) -> 16936975678
F64: CAR_Stress | G64: =G63/G61 -> 0.092064417
